PRAGMA journal_mode=WAL;
BEGIN;
INSERT OR REPLACE INTO accounts (id, name, industry, company_size, note, created_at, updated_at) VALUES (1, 'ベネッセ', '教育・人材・HR', '5000億未満', NULL, '2026-06-19 13:08:18', '2026-06-19 13:08:18');
INSERT OR REPLACE INTO accounts (id, name, industry, company_size, note, created_at, updated_at) VALUES (2, '太陽誘電', '製造業（電機・電子・精密）', '5000億未満', NULL, '2026-06-19 13:08:18', '2026-06-19 13:08:18');
INSERT OR REPLACE INTO accounts (id, name, industry, company_size, note, created_at, updated_at) VALUES (3, 'パナソニック', '製造業（電機・電子・精密）', '5000億以上', NULL, '2026-06-19 13:08:18', '2026-06-19 13:08:18');
INSERT OR REPLACE INTO accounts (id, name, industry, company_size, note, created_at, updated_at) VALUES (4, 'ファンケル', '製造業（化学・素材）', '5000億未満', NULL, '2026-06-19 13:08:18', '2026-06-19 13:08:18');
INSERT OR REPLACE INTO accounts (id, name, industry, company_size, note, created_at, updated_at) VALUES (5, 'マルハン', 'エンタメ・ゲーム・スポーツ', '5000億以上', NULL, '2026-06-19 13:08:18', '2026-06-19 13:08:18');
INSERT OR REPLACE INTO accounts (id, name, industry, company_size, note, created_at, updated_at) VALUES (6, '豊田通商', '商社・卸売', '5000億以上', NULL, '2026-06-19 13:08:18', '2026-06-19 13:08:18');
INSERT OR REPLACE INTO accounts (id, name, industry, company_size, note, created_at, updated_at) VALUES (7, '野村証券', '金融・証券・保険', '5000億以上', NULL, '2026-06-19 13:08:18', '2026-06-19 13:08:18');
INSERT OR REPLACE INTO accounts (id, name, industry, company_size, note, created_at, updated_at) VALUES (8, '帝人', '製造業（化学・素材）', '5000億以上', NULL, '2026-06-19 13:08:18', '2026-06-19 13:08:18');
INSERT OR REPLACE INTO accounts (id, name, industry, company_size, note, created_at, updated_at) VALUES (9, 'セブンイレブンジャパン', '流通・小売・EC', '5000億以上', NULL, '2026-06-19 13:08:18', '2026-06-19 13:08:18');
INSERT OR REPLACE INTO accounts (id, name, industry, company_size, note, created_at, updated_at) VALUES (10, 'コニカミノルタ', '製造業（電機・電子・精密）', '5000億以上', NULL, '2026-06-19 13:08:18', '2026-06-19 13:08:18');
INSERT OR REPLACE INTO accounts (id, name, industry, company_size, note, created_at, updated_at) VALUES (11, 'ナミックス', '製造業（電機・電子・精密）', '5000億未満', NULL, '2026-06-19 13:08:18', '2026-06-19 13:08:18');
INSERT OR REPLACE INTO accounts (id, name, industry, company_size, note, created_at, updated_at) VALUES (12, '日本通運', '物流・運輸・倉庫', '5000億以上', NULL, '2026-06-19 13:08:18', '2026-06-19 13:08:18');
INSERT OR REPLACE INTO accounts (id, name, industry, company_size, note, created_at, updated_at) VALUES (13, 'ホンダ', '製造業（自動車・モビリティ）', '5000億以上', NULL, '2026-06-19 13:08:18', '2026-06-19 13:08:18');
INSERT OR REPLACE INTO accounts (id, name, industry, company_size, note, created_at, updated_at) VALUES (14, 'PHC', '製造業（医療機器）', '5000億未満', NULL, '2026-06-19 13:08:18', '2026-06-19 13:08:18');
INSERT OR REPLACE INTO accounts (id, name, industry, company_size, note, created_at, updated_at) VALUES (15, '矢場とん', '外食・飲食サービス', '500億未満', NULL, '2026-06-19 13:08:18', '2026-06-19 13:08:18');
INSERT OR REPLACE INTO accounts (id, name, industry, company_size, note, created_at, updated_at) VALUES (16, '浜松ホトニクス', '製造業（電機・電子・精密）', '5000億未満', NULL, '2026-06-19 13:08:18', '2026-06-19 13:08:18');
INSERT OR REPLACE INTO accounts (id, name, industry, company_size, note, created_at, updated_at) VALUES (17, 'マンパワー', '教育・人材・HR', '5000億未満', NULL, '2026-06-19 13:08:18', '2026-06-19 13:08:18');
INSERT OR REPLACE INTO accounts (id, name, industry, company_size, note, created_at, updated_at) VALUES (18, '武蔵精密工業', '製造業（電機・電子・精密）', '5000億未満', NULL, '2026-06-19 13:08:18', '2026-06-19 13:08:18');
INSERT OR REPLACE INTO accounts (id, name, industry, company_size, note, created_at, updated_at) VALUES (19, 'マクドナルド', '外食・飲食サービス', '5000億以上', NULL, '2026-06-19 13:08:18', '2026-06-19 13:08:18');
INSERT OR REPLACE INTO accounts (id, name, industry, company_size, note, created_at, updated_at) VALUES (20, 'ライズクリエイション', '流通・小売・EC', '500億未満', NULL, '2026-06-19 13:08:18', '2026-06-19 13:08:18');
INSERT OR REPLACE INTO accounts (id, name, industry, company_size, note, created_at, updated_at) VALUES (21, 'Willer', '物流・運輸・倉庫', '500億未満', NULL, '2026-06-19 13:08:18', '2026-06-19 13:08:18');
INSERT OR REPLACE INTO accounts (id, name, industry, company_size, note, created_at, updated_at) VALUES (22, '壮関(Dcap)', '製造業（食品・消費財）', '500億未満', NULL, '2026-06-19 13:08:19', '2026-06-19 13:08:19');
INSERT OR REPLACE INTO accounts (id, name, industry, company_size, note, created_at, updated_at) VALUES (23, 'プライムポリマー(ADL)', '製造業（化学・素材）', '5000億未満', NULL, '2026-06-19 13:08:19', '2026-06-19 13:08:19');
INSERT OR REPLACE INTO accounts (id, name, industry, company_size, note, created_at, updated_at) VALUES (24, 'GENDA', 'エンタメ・ゲーム・スポーツ', '1000億未満', NULL, '2026-06-19 13:08:19', '2026-06-19 13:08:19');
INSERT OR REPLACE INTO accounts (id, name, industry, company_size, note, created_at, updated_at) VALUES (25, 'ミスズライフ(Mcap)', 'その他', '500億未満', NULL, '2026-06-19 13:08:19', '2026-06-19 13:08:19');
INSERT OR REPLACE INTO accounts (id, name, industry, company_size, note, created_at, updated_at) VALUES (26, 'TCS(インテグラル)', 'ITサービス・テクノロジー', '1000億未満', NULL, '2026-06-19 13:08:19', '2026-06-19 13:08:19');
INSERT OR REPLACE INTO accounts (id, name, industry, company_size, note, created_at, updated_at) VALUES (27, '東レカプトン', '製造業（化学・素材）', '500億未満', NULL, '2026-06-19 13:08:19', '2026-06-19 13:08:19');
INSERT OR REPLACE INTO deals (id, account_id, theme_id, deal_name, stage, business_type_l1, business_type_l2, lead_pattern, owner, value_lumpsum, value_lumpsum_monthly, value_recurring, client_budget, next_milestone_date, next_milestone_label, note, goal, status, created_at, updated_at, importance, cost_stage, approach_value, approach_rate, reduction_rate, fee_rate, diagnosis_cost) VALUES (1, 1, 1, '印刷費可視化・コスト削減構想', '受注', 'コンサルティング', 'コンサル(調達/SCM)', 'Connection', '早瀬', 600.0, 200.0, 0.0, '600', NULL, '受注確定。Close', '6/10水 提案書提出。6/11木にすり合わせてほぼ受注の想定', '600万で受注する', 'open', '2026-06-19 13:08:18', '2026-06-21 13:38:43', '高', NULL, NULL, NULL, NULL, NULL, NULL);
INSERT OR REPLACE INTO deals (id, account_id, theme_id, deal_name, stage, business_type_l1, business_type_l2, lead_pattern, owner, value_lumpsum, value_lumpsum_monthly, value_recurring, client_budget, next_milestone_date, next_milestone_label, note, goal, status, created_at, updated_at, importance, cost_stage, approach_value, approach_rate, reduction_rate, fee_rate, diagnosis_cost) VALUES (2, 2, 5, '調達AIエージェント受託開発', '初回アポ実施', 'AI導入', 'AI開発(軽)', 'na', '高橋', 100.0, 100.0, 0.0, '未確認', NULL, '「税区分判定自動化」「購入先与信審査」提案詰め', '6/5金面談でデモ提示し好感触。NDA締結し、ROI試算したらもう提案に進んで良い', '具体的なエージェントのテーマが固まり、提案依頼を受領する', 'open', '2026-06-19 13:08:18', '2026-06-21 13:38:43', '中', NULL, NULL, NULL, NULL, NULL, NULL);
INSERT OR REPLACE INTO deals (id, account_id, theme_id, deal_name, stage, business_type_l1, business_type_l2, lead_pattern, owner, value_lumpsum, value_lumpsum_monthly, value_recurring, client_budget, next_milestone_date, next_milestone_label, note, goal, status, created_at, updated_at, importance, cost_stage, approach_value, approach_rate, reduction_rate, fee_rate, diagnosis_cost) VALUES (3, 3, 6, '海外コスト可視化BPO', '要件詰め', '他', '調達BPO(スポット)', 'Advisor', '早瀬', 0.0, 0.0, 0.0, '未確認', '2026-06-30', '加々良さん提案すり合わせ', '川崎さんより。具体的な課題をヒアリング。子会社コスト分析にお困りなのでBPO提案はあり。次回6/30', '少額でもコンサル契約を勝ち取り、AI提案を含む継続的な議論につなげる', 'open', '2026-06-19 13:08:18', '2026-06-21 13:38:43', '高', NULL, NULL, NULL, NULL, NULL, NULL);
INSERT OR REPLACE INTO deals (id, account_id, theme_id, deal_name, stage, business_type_l1, business_type_l2, lead_pattern, owner, value_lumpsum, value_lumpsum_monthly, value_recurring, client_budget, next_milestone_date, next_milestone_label, note, goal, status, created_at, updated_at, importance, cost_stage, approach_value, approach_rate, reduction_rate, fee_rate, diagnosis_cost) VALUES (4, 4, 1089, '直材グローバルサプライヤ探索・コスト最適化戦略策定', '提案', 'コンサルティング', 'コンサル(調達/SCM)', 'Partner', '早瀬', 2900.0, 1450.0, 0.0, '未確認', '2026-07-03', 'プレゼン結果のフォローtoADL', 'ADLとの提携初回案件。5/25提案資料送付、選考通過。6/16プレゼンをもって受注可否が決まる
6/16 プレゼン完了。中東情勢踏まえて、遅くて今期中 (~12月) 開始', 'コンペに勝ち取り受注する', 'open', '2026-06-19 13:08:18', '2026-06-22 23:48:33', '高', NULL, NULL, NULL, NULL, NULL, NULL);
INSERT OR REPLACE INTO deals (id, account_id, theme_id, deal_name, stage, business_type_l1, business_type_l2, lead_pattern, owner, value_lumpsum, value_lumpsum_monthly, value_recurring, client_budget, next_milestone_date, next_milestone_label, note, goal, status, created_at, updated_at, importance, cost_stage, approach_value, approach_rate, reduction_rate, fee_rate, diagnosis_cost) VALUES (5, 5, 10, '景品最適化AIエージェント受託開発', '要件詰め', 'AI導入', 'AI開発(軽)', 'VC', '早瀬', 300.0, 300.0, 50.0, '200', '2026-06-23', 'ME TOKYO店長要件詰め', 'ANOBAKAより。5/19MTGでAIエージェントテーマが一定見えた。6/8デモ好感触。主力2店長に打診してOKそうなら予算取り', '次年度予算にPOCを組み込み、受注を実質確定に持ち込む', 'open', '2026-06-19 13:08:18', '2026-06-21 13:38:43', '中', NULL, NULL, NULL, NULL, NULL, NULL);
INSERT OR REPLACE INTO deals (id, account_id, theme_id, deal_name, stage, business_type_l1, business_type_l2, lead_pattern, owner, value_lumpsum, value_lumpsum_monthly, value_recurring, client_budget, next_milestone_date, next_milestone_label, note, goal, status, created_at, updated_at, importance, cost_stage, approach_value, approach_rate, reduction_rate, fee_rate, diagnosis_cost) VALUES (6, 6, 11, '未定', 'リード', '他', '未定', 'Exh.', '早瀬', 0.0, 0.0, 0.0, '未確認', NULL, '初回アポ', '6/1展示会で名刺交換し、6/11アポ取得', '具体的なテーマが決まり、提案依頼を受ける', 'open', '2026-06-19 13:08:18', '2026-06-21 13:38:43', '中', NULL, NULL, NULL, NULL, NULL, NULL);
INSERT OR REPLACE INTO deals (id, account_id, theme_id, deal_name, stage, business_type_l1, business_type_l2, lead_pattern, owner, value_lumpsum, value_lumpsum_monthly, value_recurring, client_budget, next_milestone_date, next_milestone_label, note, goal, status, created_at, updated_at, importance, cost_stage, approach_value, approach_rate, reduction_rate, fee_rate, diagnosis_cost) VALUES (7, 7, 13, '未定', 'リード', '他', '未定', 'Connection', '吉江', 0.0, 0.0, 0.0, '未確認', '2026-06-30', '飲み会', '吉江さん。6月中に一度飲み会を入れる予定', '支援テーマを特定してアポにつなげる', 'open', '2026-06-19 13:08:18', '2026-06-21 13:38:43', '中', NULL, NULL, NULL, NULL, NULL, NULL);
INSERT OR REPLACE INTO deals (id, account_id, theme_id, deal_name, stage, business_type_l1, business_type_l2, lead_pattern, owner, value_lumpsum, value_lumpsum_monthly, value_recurring, client_budget, next_milestone_date, next_milestone_label, note, goal, status, created_at, updated_at, importance, cost_stage, approach_value, approach_rate, reduction_rate, fee_rate, diagnosis_cost) VALUES (8, 8, 15, 'AXパートナー支援', '初回アポ実施', 'AI導入', 'AXパートナー', 'na', '吉江', 0.0, 0.0, 0.0, '未確認', '2026-06-24', 'CDO面談/パートナー候補', '6/15にCDOと話して、AX支援のニーズヒアリング', 'AXパートナー支援を受注する', 'open', '2026-06-19 13:08:18', '2026-06-21 13:38:43', '高', NULL, NULL, NULL, NULL, NULL, NULL);
INSERT OR REPLACE INTO deals (id, account_id, theme_id, deal_name, stage, business_type_l1, business_type_l2, lead_pattern, owner, value_lumpsum, value_lumpsum_monthly, value_recurring, client_budget, next_milestone_date, next_milestone_label, note, goal, status, created_at, updated_at, importance, cost_stage, approach_value, approach_rate, reduction_rate, fee_rate, diagnosis_cost) VALUES (9, 9, 16, 'IT調達AIエージェント受託開発', 'アポ獲得', 'AI導入', 'AI開発(重)', 'SNS', '土屋', 0.0, 0.0, 0.0, '未確認', '2026-06-24', '初回アポ', '土屋さん/リンクトイン。システムAGMに6/下アポ予定', '具体的なテーマが決まり、提案依頼を受ける', 'open', '2026-06-19 13:08:18', '2026-06-21 13:38:43', '中', NULL, NULL, NULL, NULL, NULL, NULL);
INSERT OR REPLACE INTO deals (id, account_id, theme_id, deal_name, stage, business_type_l1, business_type_l2, lead_pattern, owner, value_lumpsum, value_lumpsum_monthly, value_recurring, client_budget, next_milestone_date, next_milestone_label, note, goal, status, created_at, updated_at, importance, cost_stage, approach_value, approach_rate, reduction_rate, fee_rate, diagnosis_cost) VALUES (10, 1, 18, 'BBM(障碍者子会社)BPR', 'リード', 'コンサルティング', 'コンサル(他)', 'Connection', '早瀬', 600.0, 200.0, 0.0, '600', '2026-06-22', '検討着手', '印刷調達最適化とあわせてRFP受領。印刷側の受注が固まった6月中旬着手想定', '受注を獲得する', 'open', '2026-06-19 13:08:18', '2026-06-21 13:38:43', '中', NULL, NULL, NULL, NULL, NULL, NULL);
INSERT OR REPLACE INTO deals (id, account_id, theme_id, deal_name, stage, business_type_l1, business_type_l2, lead_pattern, owner, value_lumpsum, value_lumpsum_monthly, value_recurring, client_budget, next_milestone_date, next_milestone_label, note, goal, status, created_at, updated_at, importance, cost_stage, approach_value, approach_rate, reduction_rate, fee_rate, diagnosis_cost) VALUES (11, 10, 1088, 'AI活用研修', 'クロージング', 'コンサルティング', 'コンサル(調達/SCM)', 'Advisor', '高橋', 150.0, 150.0, 0.0, '150', '2026-06-26', '堤さん提案', '調達物流最適化、VE高度化等、大きなテーマに興味があるが予算制約もある、と言う話し。150万の研修を提案予定', '少額でも研修プログラムを受注し、継続議論の足掛かりを作る', 'open', '2026-06-19 13:08:18', '2026-06-22 23:39:16', '高', NULL, NULL, NULL, NULL, NULL, NULL);
INSERT OR REPLACE INTO deals (id, account_id, theme_id, deal_name, stage, business_type_l1, business_type_l2, lead_pattern, owner, value_lumpsum, value_lumpsum_monthly, value_recurring, client_budget, next_milestone_date, next_milestone_label, note, goal, status, created_at, updated_at, importance, cost_stage, approach_value, approach_rate, reduction_rate, fee_rate, diagnosis_cost) VALUES (12, 11, 21, 'AIエージェント受託開発', '初回アポ実施', '他', '未定', 'na', '早瀬', 0.0, 0.0, 0.0, '未確認', NULL, '提案すり合わせ', '鉱物調達のガバナンスに興味はありそうだが、InProcとしてベットすべきか、作戦会議が必要', 'AI拡大の芽を出しながら少額のAI開発を受託する', 'open', '2026-06-19 13:08:18', '2026-06-21 13:38:43', '中', NULL, NULL, NULL, NULL, NULL, NULL);
INSERT OR REPLACE INTO deals (id, account_id, theme_id, deal_name, stage, business_type_l1, business_type_l2, lead_pattern, owner, value_lumpsum, value_lumpsum_monthly, value_recurring, client_budget, next_milestone_date, next_milestone_label, note, goal, status, created_at, updated_at, importance, cost_stage, approach_value, approach_rate, reduction_rate, fee_rate, diagnosis_cost) VALUES (13, 12, 25, '未定', 'リード', '他', '未定', 'na', '早瀬', 0.0, 0.0, 0.0, '未確認', '2026-07-06', 'テーマ検討着手', '調達側ではなく営業側に食い込む構想。ニーズが大きそうだが優先度を落とし、6月下旬頃着手', '物流でベットすべきテーマが固まる', 'open', '2026-06-19 13:08:18', '2026-06-21 13:38:43', '低', NULL, NULL, NULL, NULL, NULL, NULL);
INSERT OR REPLACE INTO deals (id, account_id, theme_id, deal_name, stage, business_type_l1, business_type_l2, lead_pattern, owner, value_lumpsum, value_lumpsum_monthly, value_recurring, client_budget, next_milestone_date, next_milestone_label, note, goal, status, created_at, updated_at, importance, cost_stage, approach_value, approach_rate, reduction_rate, fee_rate, diagnosis_cost) VALUES (14, 13, 27, '未定', 'リード', '他', '未定', 'SNS', '土屋', 0.0, 0.0, 0.0, '未確認', NULL, '初回アポ', '土屋さん/リンクトイン。経企部長。アポ調整中', '具体的なテーマが決まり、提案依頼を受ける', 'open', '2026-06-19 13:08:18', '2026-06-21 13:38:43', '中', NULL, NULL, NULL, NULL, NULL, NULL);
INSERT OR REPLACE INTO deals (id, account_id, theme_id, deal_name, stage, business_type_l1, business_type_l2, lead_pattern, owner, value_lumpsum, value_lumpsum_monthly, value_recurring, client_budget, next_milestone_date, next_milestone_label, note, goal, status, created_at, updated_at, importance, cost_stage, approach_value, approach_rate, reduction_rate, fee_rate, diagnosis_cost) VALUES (15, 14, 31, '即戦力エージェント導入', '保留中', 'AI導入', '汎用AIエージェント(調達)', 'SNS', '吉江', 500.0, 120.0, 120.0, '500', NULL, '競合製品のトライアルに進まれる想定。フォロー設定要', 'エキスパートインタビューより。即戦力エージェント導入に向けて最終の詰め', '即戦力エージェント導入の受注', 'open', '2026-06-19 13:08:18', '2026-06-21 13:38:43', '高', NULL, NULL, NULL, NULL, NULL, NULL);
INSERT OR REPLACE INTO deals (id, account_id, theme_id, deal_name, stage, business_type_l1, business_type_l2, lead_pattern, owner, value_lumpsum, value_lumpsum_monthly, value_recurring, client_budget, next_milestone_date, next_milestone_label, note, goal, status, created_at, updated_at, importance, cost_stage, approach_value, approach_rate, reduction_rate, fee_rate, diagnosis_cost) VALUES (16, 15, 33, '未定', 'リード', '他', '未定', 'Partner', '吉江', 0.0, 0.0, 0.0, '未確認', '2026-06-16', '初回アポ', 'CIC経由。6/15初回アポ', '踏み込むべきか判断し、必要であれば提案に向けて動く', 'open', '2026-06-19 13:08:18', '2026-06-21 13:38:43', '低', NULL, NULL, NULL, NULL, NULL, NULL);
INSERT OR REPLACE INTO deals (id, account_id, theme_id, deal_name, stage, business_type_l1, business_type_l2, lead_pattern, owner, value_lumpsum, value_lumpsum_monthly, value_recurring, client_budget, next_milestone_date, next_milestone_label, note, goal, status, created_at, updated_at, importance, cost_stage, approach_value, approach_rate, reduction_rate, fee_rate, diagnosis_cost) VALUES (17, 16, 34, '未定', NULL, 'コスト削減', 'コスト削減(成果報酬)', 'Partner', '岩崎', 0.0, 0.0, 0.0, '未確認', '2026-07-01', '社内検討/コミュ着手', 'FMIより。案件引継ぎ', '受注を継続し、FMIとの提携スキームもクリアになる', 'open', '2026-06-19 13:08:18', '2026-06-21 13:38:43', '中', '診断中', 232.0, 10.0, 5.0, 50.0, 40.0);
INSERT OR REPLACE INTO deals (id, account_id, theme_id, deal_name, stage, business_type_l1, business_type_l2, lead_pattern, owner, value_lumpsum, value_lumpsum_monthly, value_recurring, client_budget, next_milestone_date, next_milestone_label, note, goal, status, created_at, updated_at, importance, cost_stage, approach_value, approach_rate, reduction_rate, fee_rate, diagnosis_cost) VALUES (18, 17, 35, '未定', '失注', 'AI導入', '汎用AIエージェント(IT)', 'SNS', '土屋', 750.0, 300.0, 0.0, '750', NULL, '-', 'ITコスト査定を提案し、受注間近だが社内調整に難航している模様', '案件を受注する', 'open', '2026-06-19 13:08:18', '2026-06-21 13:38:43', '中', NULL, NULL, NULL, NULL, NULL, NULL);
INSERT OR REPLACE INTO deals (id, account_id, theme_id, deal_name, stage, business_type_l1, business_type_l2, lead_pattern, owner, value_lumpsum, value_lumpsum_monthly, value_recurring, client_budget, next_milestone_date, next_milestone_label, note, goal, status, created_at, updated_at, importance, cost_stage, approach_value, approach_rate, reduction_rate, fee_rate, diagnosis_cost) VALUES (19, 18, 36, '即戦力ライト導入', '要件詰め', 'AI導入', '汎用AIエージェント(調達)', 'na', '高橋', 0.0, 0.0, 50.0, '未確認', '2026-06-24', 'AIXチームとの提案すり合わせ', '6/10デモ好感触。DX部に内部で頭だしした上で、上申を議論する', '具体的な提案依頼を受ける', 'open', '2026-06-19 13:08:18', '2026-06-21 13:38:43', '中', NULL, NULL, NULL, NULL, NULL, NULL);
INSERT OR REPLACE INTO deals (id, account_id, theme_id, deal_name, stage, business_type_l1, business_type_l2, lead_pattern, owner, value_lumpsum, value_lumpsum_monthly, value_recurring, client_budget, next_milestone_date, next_milestone_label, note, goal, status, created_at, updated_at, importance, cost_stage, approach_value, approach_rate, reduction_rate, fee_rate, diagnosis_cost) VALUES (20, 19, 40, '無償コスト削減診断(店舗消耗品)', NULL, 'コスト削減', 'コスト削減(成果報酬)', 'Connection', '早瀬', 0.0, 0.0, 0.0, '未確認', '2026-06-17', '水品さん作戦会議', '内々で水品さん、新庄さんと作戦会議し、食い込み方を検討中。社内の説明上、InProcのレベルの高さと診断の確実さをしっかりアピールする必要がある。消耗品データを新城さんに連携済。こちらも診断作業を進めて、6/22週にはレポート', '無償診断を完了し、具体的な有償案件への議論継続を勝ち取る', 'open', '2026-06-19 13:08:18', '2026-06-21 13:38:43', '高', '診断中', 39.0, 100.0, 5.0, 50.0, 40.0);
INSERT OR REPLACE INTO deals (id, account_id, theme_id, deal_name, stage, business_type_l1, business_type_l2, lead_pattern, owner, value_lumpsum, value_lumpsum_monthly, value_recurring, client_budget, next_milestone_date, next_milestone_label, note, goal, status, created_at, updated_at, importance, cost_stage, approach_value, approach_rate, reduction_rate, fee_rate, diagnosis_cost) VALUES (21, 20, 41, '無償コスト削減診断(間材)', NULL, 'コスト削減', 'コスト削減(成果報酬)', 'PE', '早瀬', 0.0, 0.0, 0.0, '未確認', '2026-06-29', '診断レポート', '地銀より。Spend Cubeの分析は一定完了。コスト診断高度化とあわせて進めるため、一定時間をかけて対応。6/29に診断レポート', '無償診断をレポートし、コスト削減の具体実行に踏み込むか否かをクライアントと合意する。あわせてECの物流コスト削減提案がInProcテーマに加わる', 'open', '2026-06-19 13:08:18', '2026-06-21 13:38:43', '中', '診断中', 22.0, 10.0, 5.0, 50.0, 40.0);
INSERT OR REPLACE INTO deals (id, account_id, theme_id, deal_name, stage, business_type_l1, business_type_l2, lead_pattern, owner, value_lumpsum, value_lumpsum_monthly, value_recurring, client_budget, next_milestone_date, next_milestone_label, note, goal, status, created_at, updated_at, importance, cost_stage, approach_value, approach_rate, reduction_rate, fee_rate, diagnosis_cost) VALUES (22, 21, 42, '無償コスト削減診断(賃料)', NULL, 'コスト削減', 'コスト削減(成果報酬)', 'Partner', '早瀬', 0.0, 0.0, 0.0, '未確認', '2026-06-18', '診断結果通知', 'FMIより。6/4賃料交渉状況をヒアリングし、市況感等を調査の上報告することに、。6/8週中目途', '提案すべきテーマを特定し、次回アポにつなげる', 'open', '2026-06-19 13:08:19', '2026-06-21 13:38:43', '中', '診断中', 1.1, 100.0, 5.0, 50.0, 40.0);
INSERT OR REPLACE INTO deals (id, account_id, theme_id, deal_name, stage, business_type_l1, business_type_l2, lead_pattern, owner, value_lumpsum, value_lumpsum_monthly, value_recurring, client_budget, next_milestone_date, next_milestone_label, note, goal, status, created_at, updated_at, importance, cost_stage, approach_value, approach_rate, reduction_rate, fee_rate, diagnosis_cost) VALUES (23, 22, 43, '無償コスト削減診断(直材)', NULL, 'コスト削減', 'コスト削減(成果報酬)', 'PE', '早瀬', 0.0, 0.0, 0.0, '未確認', '2026-06-30', '無償診断完了', '無償診断中。原料包材のコスト削減が主軸になるため、新城さんと連携し中国サプライヤ探索中', 'コスト削減実行を受注する', 'open', '2026-06-19 13:08:19', '2026-06-21 13:38:43', '高', '診断中', 43.0, 10.0, 5.0, 50.0, 40.0);
INSERT OR REPLACE INTO deals (id, account_id, theme_id, deal_name, stage, business_type_l1, business_type_l2, lead_pattern, owner, value_lumpsum, value_lumpsum_monthly, value_recurring, client_budget, next_milestone_date, next_milestone_label, note, goal, status, created_at, updated_at, importance, cost_stage, approach_value, approach_rate, reduction_rate, fee_rate, diagnosis_cost) VALUES (24, 23, 44, '有償コスト削減診断(間材)', NULL, 'コスト削減', 'コスト診断(有償)', 'Partner', '早瀬', 0.0, 0.0, 0.0, '未確認', '2026-07-01', '無償診断着手', 'ADL指名のため受注確度が高い。コスト削減・BPRともに、無償診断でならしてから有償診断', '有償診断を受注する', 'open', '2026-06-19 13:08:19', '2026-06-21 13:38:43', '高', '診断中', 280.0, 10.0, 5.0, 50.0, 40.0);
INSERT OR REPLACE INTO deals (id, account_id, theme_id, deal_name, stage, business_type_l1, business_type_l2, lead_pattern, owner, value_lumpsum, value_lumpsum_monthly, value_recurring, client_budget, next_milestone_date, next_milestone_label, note, goal, status, created_at, updated_at, importance, cost_stage, approach_value, approach_rate, reduction_rate, fee_rate, diagnosis_cost) VALUES (25, 24, 45, '無償コスト削減診断(間材)', NULL, 'コスト削減', 'コスト削減(成果報酬)', 'Connection', '早瀬', 0.0, 0.0, 0.0, '未確認', '2026-07-01', '無償診断着手', '廣木さん経由のリード。NDA締結と無償診断データ受領を同時並行で推進', 'コスト削減実行の提案依頼を受ける', 'open', '2026-06-19 13:08:19', '2026-06-21 13:38:43', '中', '診断中', 50.0, 10.0, 5.0, 50.0, 40.0);
INSERT OR REPLACE INTO deals (id, account_id, theme_id, deal_name, stage, business_type_l1, business_type_l2, lead_pattern, owner, value_lumpsum, value_lumpsum_monthly, value_recurring, client_budget, next_milestone_date, next_milestone_label, note, goal, status, created_at, updated_at, importance, cost_stage, approach_value, approach_rate, reduction_rate, fee_rate, diagnosis_cost) VALUES (26, 25, 46, '未定', NULL, 'コスト削減', 'コスト削減(成果報酬)', 'Connection', '早瀬', 0.0, 0.0, 0.0, '未確認', '2026-07-01', '無償診断着手', 'FMIより。コスト削減診断からか', 'コスト削減実行を受注する', 'open', '2026-06-19 13:08:19', '2026-06-21 13:38:43', '中', '診断中', 1.2, 100.0, 5.0, 50.0, 40.0);
INSERT OR REPLACE INTO deals (id, account_id, theme_id, deal_name, stage, business_type_l1, business_type_l2, lead_pattern, owner, value_lumpsum, value_lumpsum_monthly, value_recurring, client_budget, next_milestone_date, next_milestone_label, note, goal, status, created_at, updated_at, importance, cost_stage, approach_value, approach_rate, reduction_rate, fee_rate, diagnosis_cost) VALUES (27, 26, 1087, '未定', '初回アポ実施', 'コスト削減', 'コスト削減(成果報酬)', 'PE', '早瀬', 0.0, 0.0, 0.0, '未確認', '2026-06-26', '提案', 'HPより。BPRによる固定費/人件費削減、営業拠点統廃合の方向性課題感をヒアリング。InProcのリソース/スキルで提案可能なオプション出しをして早々に提案', 'コスト削減実行を受注する', 'open', '2026-06-19 13:08:19', '2026-06-22 12:19:47', NULL, NULL, NULL, NULL, NULL, NULL, NULL);
INSERT OR REPLACE INTO deals (id, account_id, theme_id, deal_name, stage, business_type_l1, business_type_l2, lead_pattern, owner, value_lumpsum, value_lumpsum_monthly, value_recurring, client_budget, next_milestone_date, next_milestone_label, note, goal, status, created_at, updated_at, importance, cost_stage, approach_value, approach_rate, reduction_rate, fee_rate, diagnosis_cost) VALUES (28, 23, 48, '無償BPR診断', 'リード', 'コンサルティング', 'コンサル(他)', 'Partner', '早瀬', 0.0, 0.0, 0.0, '未確認', '2026-07-01', '無償診断着手', 'ADL指名のため受注確度が高い。コスト削減・BPRともに、無償診断でならしてから有償診断', '無償診断を受注し、有償診断受注につなげる', 'open', '2026-06-19 13:08:19', '2026-06-21 13:38:43', '高', NULL, NULL, NULL, NULL, NULL, NULL);
INSERT OR REPLACE INTO deals (id, account_id, theme_id, deal_name, stage, business_type_l1, business_type_l2, lead_pattern, owner, value_lumpsum, value_lumpsum_monthly, value_recurring, client_budget, next_milestone_date, next_milestone_label, note, goal, status, created_at, updated_at, importance, cost_stage, approach_value, approach_rate, reduction_rate, fee_rate, diagnosis_cost) VALUES (29, 17, 50, '未定', 'リード', '他', '未定', 'SNS', '土屋', 0.0, 0.0, 0.0, '未確認', NULL, '再アポ取得想定', 'IT提案失注を受けて、別アングルで提案検討', '提案依頼を受ける', 'open', '2026-06-19 13:08:19', '2026-06-21 13:38:43', '中', NULL, NULL, NULL, NULL, NULL, NULL);
INSERT OR REPLACE INTO deals (id, account_id, theme_id, deal_name, stage, business_type_l1, business_type_l2, lead_pattern, owner, value_lumpsum, value_lumpsum_monthly, value_recurring, client_budget, next_milestone_date, next_milestone_label, note, goal, status, created_at, updated_at, importance, cost_stage, approach_value, approach_rate, reduction_rate, fee_rate, diagnosis_cost) VALUES (30, 10, 1091, '香港/調達物流最適化', '初回アポ実施', 'コンサルティング', 'コンサル(調達/SCM)', 'Advisor', '高橋', 0.0, 0.0, 0.0, '未確認', '2026-06-26', '堤さん提案(AI研修)', '加藤さんから香港の調達物流最適化の相談。先方がすでに現地ファームと協議中。拠点からヒアリングし、提案を検討
6/26 堤さんにAI研修を提案する際に、重要度等感触を確認', '提案依頼を受ける', 'open', '2026-06-19 13:08:19', '2026-06-23 00:20:47', '中', NULL, NULL, NULL, NULL, NULL, NULL);
INSERT OR REPLACE INTO deals (id, account_id, theme_id, deal_name, stage, business_type_l1, business_type_l2, lead_pattern, owner, value_lumpsum, value_lumpsum_monthly, value_recurring, client_budget, next_milestone_date, next_milestone_label, note, goal, status, created_at, updated_at, importance, cost_stage, approach_value, approach_rate, reduction_rate, fee_rate, diagnosis_cost) VALUES (31, 27, 52, '調達AIエージェント導入', '初回アポ実施', 'AI導入', '汎用AIエージェント(調達)', 'Advisor', '高橋', 0.0, 0.0, 0.0, '未確認', NULL, 'デモ提示', '川崎さんより。初回アポでデモを見せてほしいとのコメント', '提案依頼を受ける', 'open', '2026-06-19 13:08:19', '2026-06-21 13:38:43', '低', NULL, NULL, NULL, NULL, NULL, NULL);
INSERT OR REPLACE INTO activities (id, deal_id, type, occurred_on, body, created_at, contact_name) VALUES (1, 25, '面談', '2026-05-27', 'xlsxより復元', '2026-06-20 06:05:03', NULL);
INSERT OR REPLACE INTO activities (id, deal_id, type, occurred_on, body, created_at, contact_name) VALUES (2, 15, '面談', '2026-03-13', 'xlsxより復元', '2026-06-20 06:05:03', NULL);
INSERT OR REPLACE INTO activities (id, deal_id, type, occurred_on, body, created_at, contact_name) VALUES (3, 15, '面談', '2026-05-07', 'xlsxより復元', '2026-06-20 06:05:03', NULL);
INSERT OR REPLACE INTO activities (id, deal_id, type, occurred_on, body, created_at, contact_name) VALUES (4, 15, '面談', '2026-05-22', 'xlsxより復元', '2026-06-20 06:05:03', NULL);
INSERT OR REPLACE INTO activities (id, deal_id, type, occurred_on, body, created_at, contact_name) VALUES (5, 22, '面談', '2026-06-04', 'xlsxより復元', '2026-06-20 06:05:03', NULL);
INSERT OR REPLACE INTO activities (id, deal_id, type, occurred_on, body, created_at, contact_name) VALUES (6, 11, '面談', '2026-03-04', 'xlsxより復元', '2026-06-20 06:05:03', NULL);
INSERT OR REPLACE INTO activities (id, deal_id, type, occurred_on, body, created_at, contact_name) VALUES (7, 11, '面談', '2026-03-10', 'xlsxより復元', '2026-06-20 06:05:03', NULL);
INSERT OR REPLACE INTO activities (id, deal_id, type, occurred_on, body, created_at, contact_name) VALUES (8, 11, '面談', '2026-03-18', 'xlsxより復元', '2026-06-20 06:05:03', NULL);
INSERT OR REPLACE INTO activities (id, deal_id, type, occurred_on, body, created_at, contact_name) VALUES (9, 11, '面談', '2026-05-27', 'xlsxより復元', '2026-06-20 06:05:03', NULL);
INSERT OR REPLACE INTO activities (id, deal_id, type, occurred_on, body, created_at, contact_name) VALUES (10, 11, '面談', '2026-06-02', 'xlsxより復元', '2026-06-20 06:05:03', NULL);
INSERT OR REPLACE INTO activities (id, deal_id, type, occurred_on, body, created_at, contact_name) VALUES (11, 11, '面談', '2026-06-11', 'xlsxより復元', '2026-06-20 06:05:03', NULL);
INSERT OR REPLACE INTO activities (id, deal_id, type, occurred_on, body, created_at, contact_name) VALUES (12, 30, '面談', '2026-06-11', 'xlsxより復元', '2026-06-20 06:05:03', NULL);
INSERT OR REPLACE INTO activities (id, deal_id, type, occurred_on, body, created_at, contact_name) VALUES (13, 31, '面談', '2026-04-01', 'xlsxより復元', '2026-06-20 06:05:03', NULL);
INSERT OR REPLACE INTO activities (id, deal_id, type, occurred_on, body, created_at, contact_name) VALUES (14, 12, '面談', '2026-05-21', 'xlsxより復元', '2026-06-20 06:05:03', NULL);
INSERT OR REPLACE INTO activities (id, deal_id, type, occurred_on, body, created_at, contact_name) VALUES (15, 3, '面談', '2026-05-28', 'xlsxより復元', '2026-06-20 06:05:03', NULL);
INSERT OR REPLACE INTO activities (id, deal_id, type, occurred_on, body, created_at, contact_name) VALUES (16, 3, '面談', '2026-06-09', 'xlsxより復元', '2026-06-20 06:05:03', NULL);
INSERT OR REPLACE INTO activities (id, deal_id, type, occurred_on, body, created_at, contact_name) VALUES (17, 4, '面談', '2026-06-16', 'xlsxより復元', '2026-06-20 06:05:03', NULL);
INSERT OR REPLACE INTO activities (id, deal_id, type, occurred_on, body, created_at, contact_name) VALUES (18, 1, '面談', '2026-02-05', 'xlsxより復元', '2026-06-20 06:05:03', NULL);
INSERT OR REPLACE INTO activities (id, deal_id, type, occurred_on, body, created_at, contact_name) VALUES (19, 1, '面談', '2026-03-06', 'xlsxより復元', '2026-06-20 06:05:03', NULL);
INSERT OR REPLACE INTO activities (id, deal_id, type, occurred_on, body, created_at, contact_name) VALUES (20, 1, '面談', '2026-04-03', 'xlsxより復元', '2026-06-20 06:05:03', NULL);
INSERT OR REPLACE INTO activities (id, deal_id, type, occurred_on, body, created_at, contact_name) VALUES (21, 1, '面談', '2026-06-04', 'xlsxより復元', '2026-06-20 06:05:03', NULL);
INSERT OR REPLACE INTO activities (id, deal_id, type, occurred_on, body, created_at, contact_name) VALUES (22, 1, '面談', '2026-06-11', 'xlsxより復元', '2026-06-20 06:05:03', NULL);
INSERT OR REPLACE INTO activities (id, deal_id, type, occurred_on, body, created_at, contact_name) VALUES (23, 20, '面談', '2026-01-14', 'xlsxより復元', '2026-06-20 06:05:03', NULL);
INSERT OR REPLACE INTO activities (id, deal_id, type, occurred_on, body, created_at, contact_name) VALUES (24, 20, '面談', '2026-03-18', 'xlsxより復元', '2026-06-20 06:05:03', NULL);
INSERT OR REPLACE INTO activities (id, deal_id, type, occurred_on, body, created_at, contact_name) VALUES (25, 20, '面談', '2026-04-10', 'xlsxより復元', '2026-06-20 06:05:03', NULL);
INSERT OR REPLACE INTO activities (id, deal_id, type, occurred_on, body, created_at, contact_name) VALUES (26, 20, '面談', '2026-06-01', 'xlsxより復元', '2026-06-20 06:05:03', NULL);
INSERT OR REPLACE INTO activities (id, deal_id, type, occurred_on, body, created_at, contact_name) VALUES (27, 5, '面談', '2026-04-01', 'xlsxより復元', '2026-06-20 06:05:03', NULL);
INSERT OR REPLACE INTO activities (id, deal_id, type, occurred_on, body, created_at, contact_name) VALUES (28, 5, '面談', '2026-05-19', 'xlsxより復元', '2026-06-20 06:05:03', NULL);
INSERT OR REPLACE INTO activities (id, deal_id, type, occurred_on, body, created_at, contact_name) VALUES (29, 5, '面談', '2026-06-08', 'xlsxより復元', '2026-06-20 06:05:03', NULL);
INSERT OR REPLACE INTO activities (id, deal_id, type, occurred_on, body, created_at, contact_name) VALUES (30, 18, '面談', '2026-04-07', 'xlsxより復元', '2026-06-20 06:05:03', NULL);
INSERT OR REPLACE INTO activities (id, deal_id, type, occurred_on, body, created_at, contact_name) VALUES (31, 18, '面談', '2026-05-13', 'xlsxより復元', '2026-06-20 06:05:03', NULL);
INSERT OR REPLACE INTO activities (id, deal_id, type, occurred_on, body, created_at, contact_name) VALUES (32, 18, '面談', '2026-06-03', 'xlsxより復元', '2026-06-20 06:05:03', NULL);
INSERT OR REPLACE INTO activities (id, deal_id, type, occurred_on, body, created_at, contact_name) VALUES (33, 18, '面談', '2026-06-16', 'xlsxより復元', '2026-06-20 06:05:03', NULL);
INSERT OR REPLACE INTO activities (id, deal_id, type, occurred_on, body, created_at, contact_name) VALUES (34, 26, '面談', '2026-06-11', 'xlsxより復元', '2026-06-20 06:05:03', NULL);
INSERT OR REPLACE INTO activities (id, deal_id, type, occurred_on, body, created_at, contact_name) VALUES (35, 2, '面談', '2026-06-05', 'xlsxより復元', '2026-06-20 06:05:03', NULL);
INSERT OR REPLACE INTO activities (id, deal_id, type, occurred_on, body, created_at, contact_name) VALUES (36, 8, '面談', '2026-06-15', 'xlsxより復元', '2026-06-20 06:05:03', NULL);
INSERT OR REPLACE INTO activities (id, deal_id, type, occurred_on, body, created_at, contact_name) VALUES (37, 19, '面談', '2026-04-28', 'xlsxより復元', '2026-06-20 06:05:03', NULL);
INSERT OR REPLACE INTO activities (id, deal_id, type, occurred_on, body, created_at, contact_name) VALUES (38, 19, '面談', '2026-06-09', 'xlsxより復元', '2026-06-20 06:05:03', NULL);
INSERT OR REPLACE INTO activities (id, deal_id, type, occurred_on, body, created_at, contact_name) VALUES (39, 19, '面談', '2026-06-24', 'xlsxより復元', '2026-06-20 06:05:03', NULL);
INSERT OR REPLACE INTO activities (id, deal_id, type, occurred_on, body, created_at, contact_name) VALUES (40, 27, '面談', '2026-06-18', 'BPRによる固定費/人件費削減、営業拠点統廃合の方向性課題感をヒアリング', '2026-06-22 12:18:21', '逢坂さん');
INSERT OR REPLACE INTO activities (id, deal_id, type, occurred_on, body, created_at, contact_name) VALUES (41, 1, '面談', '2026-06-22', '動作確認テストの投稿です。', '2026-06-22 12:46:37', 'テスト担当者');
INSERT OR REPLACE INTO leads (id, name, company, title, email, phone, source, pitch_theme_id, lead_status, notes, assigned_to, deal_id, created_at, updated_at, industry, company_size) VALUES (1, '森睦雄', 'INTLOOP株式会社', 'マネジャー', 'tokio.mori@intloop.com', '080-7378-4260', 'exhibition', NULL, NULL, NULL, NULL, NULL, '2026-06-22 10:31:18', '2026-06-22 10:31:18', NULL, NULL);
INSERT OR REPLACE INTO leads (id, name, company, title, email, phone, source, pitch_theme_id, lead_status, notes, assigned_to, deal_id, created_at, updated_at, industry, company_size) VALUES (2, '高橋敦', 'INTLOOP Strategy株式会社', 'Director', 'atsushi.takahashi@intloop.com', '090-8037-2711', 'exhibition', NULL, NULL, NULL, NULL, NULL, '2026-06-22 10:31:18', '2026-06-22 10:31:18', NULL, NULL);
INSERT OR REPLACE INTO masters (key, values_json) VALUES ('owners', '["吉江", "中島", "早瀬", "岩崎", "高橋", "土屋", "戸田", "片山", "杉山", "山端", "堀籠"]');
INSERT OR REPLACE INTO masters (key, values_json) VALUES ('lead_patterns', '["Connection", "Exh.", "Partner", "Advisor", "PE", "Under", "SNS", "HP", "na"]');
INSERT OR REPLACE INTO masters (key, values_json) VALUES ('company_sizes', '["500億未満", "1000億未満", "5000億未満", "5000億以上"]');
INSERT OR REPLACE INTO masters (key, values_json) VALUES ('activity_types', '["面談", "電話", "メール", "メモ"]');
COMMIT;